<?xml version="1.0" encoding="utf-8" ?>
<manifest>
  <control namespace="ITLecControls" constructor="TestMe" version="0.0.1" display-name-key="TestMe_Display_Key" description-key="TestMe_Desc_Key" control-type="standard">
    <!-- property node identifies a specific, configurable piece of data that the control expects from CDS -->
   
       <property name="sampleFirstProperty" display-name-key="Property_Display_Key" description-key="Property_Desc_Key" of-type="SingleLine.Text" usage="bound" required="true" />
	    <property name="sampleSecondProperty" display-name-key="PropertySecondDisplay_Key" description-key="PropertySecond_Desc_Key" of-type="SingleLine.Text" usage="bound" required="true" />

    <!-- 
      Property node's of-type attribute can be of-type-group attribute. 
      Example:
      <type-group name="numbers">
        <type>Whole.None</type>
        <type>Currency</type>
        <type>FP</type>
        <type>Decimal</type>
      </type-group>
      <property name="sampleProperty" display-name-key="Property_Display_Key" description-key="Property_Desc_Key" of-type-group="numbers" usage="bound" required="true" />
    -->
    <resources>
      <code path="index.ts" order="1"/>
      <!-- UNCOMMENT TO ADD MORE RESOURCES
      <css path="css/TestMe.css" order="1" />
      <resx path="strings/TestMe.1033.resx" version="1.0.0" />
      -->
    </resources>
    <!-- UNCOMMENT TO ENABLE THE SPECIFIED API
    <feature-usage>
      <uses-feature name="Device.captureAudio" required="true" />
      <uses-feature name="Device.captureImage" required="true" />
      <uses-feature name="Device.captureVideo" required="true" />
      <uses-feature name="Device.getBarcodeValue" required="true" />
      <uses-feature name="Device.getCurrentPosition" required="true" />
      <uses-feature name="Device.pickFile" required="true" />
      <uses-feature name="Utility" required="true" />
      <uses-feature name="WebAPI" required="true" />
    </feature-usage>
    -->
  </control>
</manifest>